-- MySQL Script generated by MySQL Workbench
-- Sun Mar 29 15:31:17 2020
-- Model: New Model    Version: 1.0
-- MySQL Workbench Forward Engineering

SET @OLD_UNIQUE_CHECKS=@@UNIQUE_CHECKS, UNIQUE_CHECKS=0;
SET @OLD_FOREIGN_KEY_CHECKS=@@FOREIGN_KEY_CHECKS, FOREIGN_KEY_CHECKS=0;
SET @OLD_SQL_MODE=@@SQL_MODE, SQL_MODE='ONLY_FULL_GROUP_BY,STRICT_TRANS_TABLES,NO_ZERO_IN_DATE,NO_ZERO_DATE,ERROR_FOR_DIVISION_BY_ZERO,NO_ENGINE_SUBSTITUTION';

-- -----------------------------------------------------
-- Schema lowcost_schema
-- -----------------------------------------------------
DROP SCHEMA IF EXISTS `lowcost_schema` ;

-- -----------------------------------------------------
-- Schema lowcost_schema
-- -----------------------------------------------------
CREATE SCHEMA IF NOT EXISTS `lowcost_schema` DEFAULT CHARACTER SET utf8 ;
USE `lowcost_schema` ;

-- -----------------------------------------------------
-- Table `lowcost_schema`.`user_role`
-- -----------------------------------------------------
DROP TABLE IF EXISTS `lowcost_schema`.`user_role` ;

CREATE TABLE IF NOT EXISTS `lowcost_schema`.`user_role` (
  `id` TINYINT NOT NULL,
  `name` VARCHAR(255) NULL,
  PRIMARY KEY (`id`),
  UNIQUE INDEX `id_UNIQUE` (`id` ASC) VISIBLE)
ENGINE = InnoDB;


-- -----------------------------------------------------
-- Table `lowcost_schema`.`airport_user`
-- -----------------------------------------------------
DROP TABLE IF EXISTS `lowcost_schema`.`airport_user` ;

CREATE TABLE IF NOT EXISTS `lowcost_schema`.`airport_user` (
  `email` VARCHAR(255) NOT NULL,
  `user_password` VARCHAR(255) NOT NULL DEFAULT '1',
  `first_name` VARCHAR(255) NOT NULL,
  `last_name` VARCHAR(255) NOT NULL,
  `user_role_id` TINYINT NOT NULL DEFAULT 1,
  PRIMARY KEY (`email`),
  UNIQUE INDEX `email_UNIQUE` (`email` ASC) VISIBLE,
  INDEX `fk_airport_user_user_role1_idx` (`user_role_id` ASC) VISIBLE,
  CONSTRAINT `fk_airport_user_user_role1`
    FOREIGN KEY (`user_role_id`)
    REFERENCES `lowcost_schema`.`user_role` (`id`)
    ON DELETE NO ACTION
    ON UPDATE NO ACTION)
ENGINE = InnoDB;


-- -----------------------------------------------------
-- Table `lowcost_schema`.`plane`
-- -----------------------------------------------------
DROP TABLE IF EXISTS `lowcost_schema`.`plane` ;

CREATE TABLE IF NOT EXISTS `lowcost_schema`.`plane` (
  `model` VARCHAR(255) NOT NULL,
  `places_quantity` INT NOT NULL,
  PRIMARY KEY (`model`),
  UNIQUE INDEX `model_UNIQUE` (`model` ASC) VISIBLE)
ENGINE = InnoDB;


-- -----------------------------------------------------
-- Table `lowcost_schema`.`city`
-- -----------------------------------------------------
DROP TABLE IF EXISTS `lowcost_schema`.`city` ;

CREATE TABLE IF NOT EXISTS `lowcost_schema`.`city` (
  `id` INT NOT NULL AUTO_INCREMENT,
  `name` VARCHAR(255) NOT NULL,
  `country_name` VARCHAR(255) NOT NULL,
  PRIMARY KEY (`id`),
  UNIQUE INDEX `id_UNIQUE` (`id` ASC) VISIBLE)
ENGINE = InnoDB;


-- -----------------------------------------------------
-- Table `lowcost_schema`.`flight`
-- -----------------------------------------------------
DROP TABLE IF EXISTS `lowcost_schema`.`flight` ;

CREATE TABLE IF NOT EXISTS `lowcost_schema`.`flight` (
  `id` INT NOT NULL AUTO_INCREMENT,
  `number` VARCHAR(255) NOT NULL,
  `date` TIMESTAMP NOT NULL,
  `plane_model` VARCHAR(255) NOT NULL,
  `default_price` DECIMAL(5,2) NOT NULL,
  `default_luggage_kg` INT(3) NOT NULL,
  `available_places` INT NOT NULL,
  `from_id` INT NOT NULL,
  `to_id` INT NOT NULL,
  PRIMARY KEY (`id`),
  INDEX `fk_flight_country1_idx` (`from_id` ASC) VISIBLE,
  INDEX `fk_flight_country2_idx` (`to_id` ASC) VISIBLE,
  UNIQUE INDEX `id_UNIQUE` (`id` ASC) VISIBLE,
  CONSTRAINT `fk_flight_country1`
    FOREIGN KEY (`from_id`)
    REFERENCES `lowcost_schema`.`city` (`id`)
    ON DELETE NO ACTION
    ON UPDATE NO ACTION,
  CONSTRAINT `fk_flight_country2`
    FOREIGN KEY (`to_id`)
    REFERENCES `lowcost_schema`.`city` (`id`)
    ON DELETE NO ACTION
    ON UPDATE NO ACTION)
ENGINE = InnoDB;


-- -----------------------------------------------------
-- Table `lowcost_schema`.`overweight_luggage_price`
-- -----------------------------------------------------
DROP TABLE IF EXISTS `lowcost_schema`.`overweight_luggage_price` ;

CREATE TABLE IF NOT EXISTS `lowcost_schema`.`overweight_luggage_price` (
  `weight_from` INT NOT NULL,
  `weight_to` INT NOT NULL,
  `price_for_every_kg_overweight` INT NOT NULL,
  `flight_id` INT NOT NULL,
  PRIMARY KEY (`weight_from`, `weight_to`, `flight_id`),
  INDEX `fk_overweight_luggage_price_flight1_idx` (`flight_id` ASC) VISIBLE,
  CONSTRAINT `fk_overweight_luggage_price_flight1`
    FOREIGN KEY (`flight_id`)
    REFERENCES `lowcost_schema`.`flight` (`id`)
    ON DELETE NO ACTION
    ON UPDATE NO ACTION)
ENGINE = InnoDB;


-- -----------------------------------------------------
-- Table `lowcost_schema`.`ticket`
-- -----------------------------------------------------
DROP TABLE IF EXISTS `lowcost_schema`.`ticket` ;

CREATE TABLE IF NOT EXISTS `lowcost_schema`.`ticket` (
  `ticket_number` INT NOT NULL AUTO_INCREMENT,
  `user_email` VARCHAR(255) NOT NULL,
  `purchase_date` TIMESTAMP NOT NULL,
  `price` DECIMAL(7,2) NOT NULL,
  `passenger_first_name` VARCHAR(255) NOT NULL,
  `passenger_last_name` VARCHAR(255) NOT NULL,
  `passport_number` VARCHAR(9) NOT NULL,
  `luggage_quantity` INT(11) NOT NULL,
  `is_paied` TINYINT(1) NOT NULL,
  `is_available` TINYINT(1) NOT NULL,
  `primary_boarding_right` TINYINT(1) NOT NULL,
  `flight_id` INT NOT NULL,
  PRIMARY KEY (`ticket_number`),
  INDEX `fk_ticket_airport_user1_idx` (`user_email` ASC) VISIBLE,
  UNIQUE INDEX `ticket_number_UNIQUE` (`ticket_number` ASC) VISIBLE,
  INDEX `fk_ticket_flight2_idx` (`flight_id` ASC) VISIBLE,
  CONSTRAINT `fk_ticket_airport_user1`
    FOREIGN KEY (`user_email`)
    REFERENCES `lowcost_schema`.`airport_user` (`email`)
    ON DELETE NO ACTION
    ON UPDATE NO ACTION,
  CONSTRAINT `fk_ticket_flight2`
    FOREIGN KEY (`flight_id`)
    REFERENCES `lowcost_schema`.`flight` (`id`)
    ON DELETE NO ACTION
    ON UPDATE NO ACTION)
ENGINE = InnoDB;


-- -----------------------------------------------------
-- Table `lowcost_schema`.`date_coeff`
-- -----------------------------------------------------
DROP TABLE IF EXISTS `lowcost_schema`.`date_coeff` ;

CREATE TABLE IF NOT EXISTS `lowcost_schema`.`date_coeff` (
  `days_from` INT NOT NULL,
  `days_to` INT NOT NULL,
  `coeff` DECIMAL(3,2) NOT NULL,
  `flight_id` INT NOT NULL,
  PRIMARY KEY (`days_from`, `days_to`, `flight_id`),
  INDEX `fk_date_coeff_flight1_idx` (`flight_id` ASC) VISIBLE,
  CONSTRAINT `fk_date_coeff_flight1`
    FOREIGN KEY (`flight_id`)
    REFERENCES `lowcost_schema`.`flight` (`id`)
    ON DELETE NO ACTION
    ON UPDATE NO ACTION)
ENGINE = InnoDB;


-- -----------------------------------------------------
-- Table `lowcost_schema`.`free_places_coeff`
-- -----------------------------------------------------
DROP TABLE IF EXISTS `lowcost_schema`.`free_places_coeff` ;

CREATE TABLE IF NOT EXISTS `lowcost_schema`.`free_places_coeff` (
  `free_places_from` INT(2) NOT NULL,
  `free_places_to` INT(2) NOT NULL,
  `coeff` DECIMAL(3,2) NOT NULL,
  `flight_id` INT NOT NULL,
  PRIMARY KEY (`free_places_from`, `free_places_to`, `flight_id`),
  INDEX `fk_free_places_coeff_flight1_idx` (`flight_id` ASC) VISIBLE,
  CONSTRAINT `fk_free_places_coeff_flight1`
    FOREIGN KEY (`flight_id`)
    REFERENCES `lowcost_schema`.`flight` (`id`)
    ON DELETE NO ACTION
    ON UPDATE NO ACTION)
ENGINE = InnoDB;


-- -----------------------------------------------------
-- Table `lowcost_schema`.`flight_has_plane`
-- -----------------------------------------------------
DROP TABLE IF EXISTS `lowcost_schema`.`flight_has_plane` ;

CREATE TABLE IF NOT EXISTS `lowcost_schema`.`flight_has_plane` (
  `flight_id` INT NOT NULL,
  `plane_model` VARCHAR(255) NOT NULL,
  PRIMARY KEY (`flight_id`, `plane_model`),
  INDEX `fk_flight_has_plane_plane1_idx` (`plane_model` ASC) VISIBLE,
  INDEX `fk_flight_has_plane_flight1_idx` (`flight_id` ASC) VISIBLE,
  CONSTRAINT `fk_flight_has_plane_flight1`
    FOREIGN KEY (`flight_id`)
    REFERENCES `lowcost_schema`.`flight` (`id`)
    ON DELETE NO ACTION
    ON UPDATE NO ACTION,
  CONSTRAINT `fk_flight_has_plane_plane1`
    FOREIGN KEY (`plane_model`)
    REFERENCES `lowcost_schema`.`plane` (`model`)
    ON DELETE NO ACTION
    ON UPDATE NO ACTION)
ENGINE = InnoDB;


SET SQL_MODE=@OLD_SQL_MODE;
SET FOREIGN_KEY_CHECKS=@OLD_FOREIGN_KEY_CHECKS;
SET UNIQUE_CHECKS=@OLD_UNIQUE_CHECKS;

-- -----------------------------------------------------
-- Data for table `lowcost_schema`.`user_role`
-- -----------------------------------------------------
START TRANSACTION;
USE `lowcost_schema`;
INSERT INTO `lowcost_schema`.`user_role` (`id`, `name`) VALUES (0, 'admin');
INSERT INTO `lowcost_schema`.`user_role` (`id`, `name`) VALUES (1, 'user');
INSERT INTO `lowcost_schema`.`user_role` (`id`, `name`) VALUES (2, 'guest');

COMMIT;


-- -----------------------------------------------------
-- Data for table `lowcost_schema`.`airport_user`
-- -----------------------------------------------------
START TRANSACTION;
USE `lowcost_schema`;
INSERT INTO `lowcost_schema`.`airport_user` (`email`, `user_password`, `first_name`, `last_name`, `user_role_id`) VALUES ('admin@gmail.com', 'admin', 'Admin', 'Admin', 0);
INSERT INTO `lowcost_schema`.`airport_user` (`email`, `user_password`, `first_name`, `last_name`, `user_role_id`) VALUES ('user@gmail.com', 'user', 'User', 'User', 1);
INSERT INTO `lowcost_schema`.`airport_user` (`email`, `user_password`, `first_name`, `last_name`, `user_role_id`) VALUES ('karpuwapower@gmail.com', 'Aliksei', 'Aliaksei', 'Karpilovich', 1);

COMMIT;


-- -----------------------------------------------------
-- Data for table `lowcost_schema`.`plane`
-- -----------------------------------------------------
START TRANSACTION;
USE `lowcost_schema`;
INSERT INTO `lowcost_schema`.`plane` (`model`, `places_quantity`) VALUES ('boeing 737-700', 137);
INSERT INTO `lowcost_schema`.`plane` (`model`, `places_quantity`) VALUES ('boeing 737-800', 189);

COMMIT;


-- -----------------------------------------------------
-- Data for table `lowcost_schema`.`city`
-- -----------------------------------------------------
START TRANSACTION;
USE `lowcost_schema`;
INSERT INTO `lowcost_schema`.`city` (`id`, `name`, `country_name`) VALUES (1, 'minsk', 'belarus');
INSERT INTO `lowcost_schema`.`city` (`id`, `name`, `country_name`) VALUES (2, 'vilnus', 'lithvenia');
INSERT INTO `lowcost_schema`.`city` (`id`, `name`, `country_name`) VALUES (3 , 'amsterdam', 'the netherlands');

COMMIT;


-- -----------------------------------------------------
-- Data for table `lowcost_schema`.`flight`
-- -----------------------------------------------------
START TRANSACTION;
USE `lowcost_schema`;
INSERT INTO `lowcost_schema`.`flight` (`id`, `number`, `date`, `plane_model`, `default_price`, `default_luggage_kg`, `available_places`, `from_id`, `to_id`) VALUES (1, '1', '2020-05-06', 'boeing 737-700', 20, 5, 137, 1, 2);
INSERT INTO `lowcost_schema`.`flight` (`id`, `number`, `date`, `plane_model`, `default_price`, `default_luggage_kg`, `available_places`, `from_id`, `to_id`) VALUES (2, 'a', '2020-06-08', 'boeing 737-800', 15, 5, 189, 2, 3);

COMMIT;


-- -----------------------------------------------------
-- Data for table `lowcost_schema`.`overweight_luggage_price`
-- -----------------------------------------------------
START TRANSACTION;
USE `lowcost_schema`;
INSERT INTO `lowcost_schema`.`overweight_luggage_price` (`weight_from`, `weight_to`, `price_for_every_kg_overweight`, `flight_id`) VALUES (5, 10, 4, 1);
INSERT INTO `lowcost_schema`.`overweight_luggage_price` (`weight_from`, `weight_to`, `price_for_every_kg_overweight`, `flight_id`) VALUES (10, 20, 15, 1);
INSERT INTO `lowcost_schema`.`overweight_luggage_price` (`weight_from`, `weight_to`, `price_for_every_kg_overweight`, `flight_id`) VALUES (20, 50, 40, 1);
INSERT INTO `lowcost_schema`.`overweight_luggage_price` (`weight_from`, `weight_to`, `price_for_every_kg_overweight`, `flight_id`) VALUES (5, 15, 5, 2);
INSERT INTO `lowcost_schema`.`overweight_luggage_price` (`weight_from`, `weight_to`, `price_for_every_kg_overweight`, `flight_id`) VALUES (15, 50, 30, 2);
INSERT INTO `lowcost_schema`.`overweight_luggage_price` (`weight_from`, `weight_to`, `price_for_every_kg_overweight`, `flight_id`) VALUES (50, 100, 100, 2);

COMMIT;


-- -----------------------------------------------------
-- Data for table `lowcost_schema`.`date_coeff`
-- -----------------------------------------------------
START TRANSACTION;
USE `lowcost_schema`;
INSERT INTO `lowcost_schema`.`date_coeff` (`days_from`, `days_to`, `coeff`, `flight_id`) VALUES (100, 50, 1, 1);
INSERT INTO `lowcost_schema`.`date_coeff` (`days_from`, `days_to`, `coeff`, `flight_id`) VALUES (50, 10, 1.1, 1);
INSERT INTO `lowcost_schema`.`date_coeff` (`days_from`, `days_to`, `coeff`, `flight_id`) VALUES (10, 0, 1.3, 1);
INSERT INTO `lowcost_schema`.`date_coeff` (`days_from`, `days_to`, `coeff`, `flight_id`) VALUES (100, 30, 1, 2);
INSERT INTO `lowcost_schema`.`date_coeff` (`days_from`, `days_to`, `coeff`, `flight_id`) VALUES (30, 10, 1.2, 2);
INSERT INTO `lowcost_schema`.`date_coeff` (`days_from`, `days_to`, `coeff`, `flight_id`) VALUES (10, 0, 1.5, 2);

COMMIT;


-- -----------------------------------------------------
-- Data for table `lowcost_schema`.`free_places_coeff`
-- -----------------------------------------------------
START TRANSACTION;
USE `lowcost_schema`;
INSERT INTO `lowcost_schema`.`free_places_coeff` (`free_places_from`, `free_places_to`, `coeff`, `flight_id`) VALUES (137, 50, 1, 1);
INSERT INTO `lowcost_schema`.`free_places_coeff` (`free_places_from`, `free_places_to`, `coeff`, `flight_id`) VALUES (50, 20, 1.2, 1);
INSERT INTO `lowcost_schema`.`free_places_coeff` (`free_places_from`, `free_places_to`, `coeff`, `flight_id`) VALUES (20, 10, 1.3, 1);
INSERT INTO `lowcost_schema`.`free_places_coeff` (`free_places_from`, `free_places_to`, `coeff`, `flight_id`) VALUES (10, 0, 1.5, 1);
INSERT INTO `lowcost_schema`.`free_places_coeff` (`free_places_from`, `free_places_to`, `coeff`, `flight_id`) VALUES (189, 50, 1, 2);
INSERT INTO `lowcost_schema`.`free_places_coeff` (`free_places_from`, `free_places_to`, `coeff`, `flight_id`) VALUES (50, 10, 1.3, 2);
INSERT INTO `lowcost_schema`.`free_places_coeff` (`free_places_from`, `free_places_to`, `coeff`, `flight_id`) VALUES (10, 0, 1.5, 2);

COMMIT;

